,address,advantage,city,company_name,education,industry,industrylabels,label,position_detail,position_name,salary,size,stage,work_year
0,"['西直门', '动物园', '官园']","团队强悍,待遇丰厚,数据规模,场景明确",北京,北京沃丰时代数据科技有限公司,硕士,"移动互联网,企业服务","['企业服务', '搜索', 'NLP', '算法']","['AI', '大数据', '云服务', '大牛带队']","
职位描述：

职位描述：
+ 企业服务领域智能化场景的业务分析、数据建模和数据优化。


任职要求：
+ 1年以上相关工作经验，有落地的产品；
+ 优秀的业务理解、目标制定、沟通能力；
+ 精通机器学习算法，丰富的数据分析、挖掘、建模经验，有NLP经验更佳；
+ 有TensorFlow/PaddlePaddle等深度学习工具经验；
+ 良好的开发能力（SQL/Java/Python/R/Scala等），了解大数据开发平台（Hadoop/Hive/Spark/Storm)。




公司介绍寻找有梦想，爱学习的实力派！Udesk是国内领先的智能服务平台，拥有数万家云上企业用户，云平台日访问量数亿次，通过整合整合ABC（AI、Big Data、Cloud Computing）为企业提供了一套集智能问答机器人、即时通讯、VoIP、工单、知识库、数据分析为一体的全场景的智能客服系统解决方案。Udesk知名客户有光大银行、海底捞、星巴克、故宫博物院、皇家加勒比游轮、凯撒旅游、中青旅耀悦、WPS、印象笔记、巧虎、养乐多等。覆盖了股份银行、餐饮、本地生活、旅游、O2O、企业服务等行业。Udesk于2018年9月完成C轮3亿人民币融资，投资方为老虎环球基金、君联资本、DCM。公司收入增长迅速，现金流充足，不烧钱、不依赖融资。产品介绍??? Ubot-智能问答机器人―多轮交互，自主学习，知识图谱
??? Udesk智能客服平台―智能化，数据驱动，云服务，企业级
??? Insight客服大数据―数据驱动，实时监控，大屏显示
??? Udesk前端用Ember.js，后台用Java、Ruby、Go。日接口调用量超过200,000,000次。

",机器学习,15k-30k,150-500人,C轮,1-3年
1,['仓前'],六险一金，境外游，团建，生日会等,杭州,杭州亦闲信息科技有限公司,本科,教育,"['教育', '移动互联网', '算法']","['带薪年假', '午餐补助', '年底双薪', '年度旅游']","
职位描述：

岗位职责：?? 1、探索业界前沿的机器学习技术、设计并实现搭建机器学习平台；?? 2、负责提供分布式的算法实现的解决方案，并将其应用到业务场景中；岗位要求：?? 1，JAVA基础扎实：熟练掌握数据结构、多线程编程、常用的设计模式等；?? 2、熟悉分布式系统的基础理论知识，了解相关技术，如MapReduce/HDFS/MPI/kubernetes；?? 3、熟悉Hadoop/Spark等大数据分布式平台，具有一定的Scala/Python语言开发能力；?? 4、了解常见机器学习算法和应用解决方案，具有良好的数据分析能力；?? 5、对业界新技术敏感，具有团队合作精神、富有责任心、有技术热情和自驱力，善于沟通和协作。加分项： ?? 1、具有大规模分布式架构设计经验，搜索引擎，广告，推荐系统经验； ?? 3、熟悉教育行业项目；?? 4、熟悉机器学习框架，如Tensorflow、Petuum、MXNet、PaddlePaddle、Caffe5、熟悉机器学习建模流程，有相关经验优先

",机器学习,20k-40k,50-150人,不需要融资,1-3年
2,['麓谷'],"扁平化管理,周末双休,五险一金,交通补助",长沙,湖南星汉数智科技有限公司,硕士,"移动互联网,数据服务",[],"['年底双薪', '带薪年假', '绩效奖金', '交通补助']","
职位描述：

工作职责：
1，研究机器学习或深度学习领域的前沿技术,并用于实际问题的解决和优化
2，负责自然语言处理或计算机视觉核心技术的研发工作
3，工作包括但不限于：文本分词，命名实体识别，知识抽取，认知学习，医学图像处理，图像分类，人脸检测识别等

职责要求：
1，创造性思维，富有想象力，有推进人工智能的理想和使命感
2，掌握机器学习基本算法，并在自然语言处理或计算机视觉方向有较深入研究
3，熟练掌握一门编程语言C/C++/Java/Python
4,具有良好的沟通能力和良好的团队合作精神

",机器学习,10k-15k,50-150人,未融资,不限
3,"['中关村', '知春路', '苏州街']","大牛,人性化管理,靠谱团队,技术氛围好",北京,北京深睿博联科技有限责任公司,硕士,"移动互联网,医疗健康","['医疗健康', '深度学习', '计算机视觉', '算法']","['股票期权', '年底双薪', '定期体检', '弹性工作']","
职位描述：

研究深度学习（包括各种神经网络结构与应用）或计算机视觉各个领域（目标检测识别等）中核心算法

将上述核心算法和模型应用到医疗领域的现实场景中，并针对应用场景进行优化和定制等

将算法高效地实现到多种不同平台和框架上，并基于对平台和框架的内部机制的理解，持续对算法和模型实现进行优化

支持公司在医疗领域相关应用产品的研究、开发、文档撰写工作；

岗位要求：

机器学习/模式识别及其他相关领域硕士及以上学历，在深度学习领域有较深的理论或实验室研究经验

良好的算法基础，扎实的编程功底，有较大型项目的开发经验

能够熟练使用OpenCV，精通C/C++，Python,golang等，熟悉Linux开发环境

善于解决和分析问题，富有想象力和学习能力，良好的团队合作精神，有创造性思维，有推进人工智能的理想和使命感。

有以下经验者优先：

具有常用的CNN/RNN模型之外深度学习相关经验，熟悉常用的深度学习软件（如caffe，pytorch等）

在相关方向知名国际会议发表过论文（如CVPR，ICCV，ECCV，NIPS，ICLR，TPAMI等）

参加过国际国内算法类竞赛，并取得一定名次者

",深度/机器学习,25k-50k,150-500人,B轮,不限
4,"['望京', '来广营']","飞速发展,大牛导师,七险一金",北京,北京数美时代科技有限公司,本科,"企业服务,数据服务",[],"['年底双薪', '大数据', '带薪年假', '通讯津贴']","
职位描述：

工作职责:
-研究数据挖掘或统计学习领域的前沿技术,并用于实际问题的解决和优化
-大规模机器学习算法研究及并行化实现,为各种大规模机器学习应用研发核心技术
-通过对数据的敏锐洞察,深入挖掘产品潜在价值和需求,进而提供更有价值的产品和服务,通过技术创新推动产品成长
职责要求:
-具有以下一个或多个领域的理论背景和实践经验：机器学习/数据挖掘/深度学习/信息检索/自然语言处理/机制设计/博弈论
-至少精通一门编程语言，熟悉网络编程、多线程、分布式编程技术，对数据结构和算法设计有较为深刻的理解
-良好的逻辑思维能力，对数据敏感，能够发现关键数据、抓住核心问题
-较强的沟通能力和逻辑表达能力，具备良好的团队合作精神和主动沟通意识
具有以下条件者优先：
-熟悉文本分类、聚类、机器翻译，有相关项目经验
-熟悉海量数据处理、最优化算法、分布式计算或高性能并行计算，有相关项目经验

【关于数美】www.ishumei.com
【关于数美】数美（全称北京数美时代科技有限公司）成立于2015年6月，是一家专业的大数据科技公司。数美依托先进的核心AI技术和海量的数据基础，致力于解决多场景欺诈问题，为客户提供专业、可信赖的服务。团队均来自百度、阿里、腾讯、360、小米等顶尖互联网公司，在大数据、人工智能、机器学习、金融风控等领域有着丰富的实践经验。目前，业务已覆盖金融、支付、直播、社交、电商、O2O等为代表的多个行业领域，其中包括中信银行、用钱宝、人人贷、51信用卡、360、小米、58同城、爱奇艺、熊猫直播、花椒、唱吧等知名企业，截止到2017年6月，服务客户突破1000家。作为大数据反欺诈专业品牌，数美将持续挖掘数据价值，为金融机构、互联网企业提供智能、创新的一站式反欺诈综合解决方案

…………………………………………………………………………
了解更多
数美公司介绍
https://www.ishumei.com/aboutUs/introduction.html
数美团队介绍
https://www.ishumei.com/aboutUs/team.html
数美产品介绍
https://www.ishumei.com/product/creditFengkong.html
数美解决方案介绍
https://www.ishumei.com/solution/finance.html 

",机器学习/数据挖掘,18k-30k,150-500人,B轮,应届毕业生
5,,"五险一金,免费午餐,期权股权,住房补贴",武汉,武汉心络科技有限公司,硕士,医疗健康 数据服务,[],"['股票期权', '专项奖金', '交通补助', '通讯津贴']","
职位描述：

职位描述：

负责医疗影像数据分析，开发让医疗更智能的计算机视觉算法和产品


职位要求：
1. 本科以上学历，2年以上工作经历，熟悉分布式系统开发，理解大数据常用组件原理；
2. 扎实的图像分析和模式识别理论基础，精通目标检测、跟踪、识别等常见的计算机视觉处理任务；从事过图像类识别、检测等相关项目。
3. 熟悉深度学习原理和基本模型，熟练使用Caffee、Theano、Tensorflow或其他常用深度学习工具，并能够灵活的解决实际问题。
4. 扎实的数学基础，精通常见的几何、统计学等，并熟悉这些技术在图像识别领域中的应用；
5. 熟悉高性能运算加速工具如Neon以及GPGPU技术如GLES、CUDA和OpenCL等。

【福利待遇】
1.?? 入职五险一金，住房、交通等各类补贴，免费午餐加班餐。
2.?? 弹性工作时间，双休法定节假日；
3.?? 入职体检，定期组织员工活动、聚餐等；
4.?? 培养人才不含糊，我们重视每一位小伙伴的职业发展规划；
5.?? 薪资待遇不含糊，看学历更看能力；
6.?? 重视关键人才不含糊，股份/期权等着你；

",机器学习/计算机视觉,15k-30k,50-150人,未融资,3-5年
6,,"六险一金,高效团队,薪资福利优,周末双休",杭州,浙江邦盛科技有限公司,本科,"信息安全,金融",[],"['带薪年假', '午餐补助', '绩效奖金', '领导好']","
职位描述：

岗位职责：
1.根据公司定位与战略，对机器学习产品进行规划与设计，产出有竞争力的平台产品，并赋能行业解决方案；
2.负责产品全生命周期，关注产品交付、运营与市场反馈情况；
3.深入理解领域知识，创造产品价值，把握产品发展方向；
4.关注市场和竞品动向，不断优化和提升产品，保证产品竞争力。

任职要求：
1.熟练掌握机器学习领域相关知识，熟悉建模方法；
2.3年以上产品工作经验，1年以上机器学习相关工作经验；
3.热爱产品工作，具有owner意识；
4.优秀的逻辑分析能力、沟通能力、学习能力和自驱能力。

",产品经理-机器学习方向,10k-15k,150-500人,B轮,1-3年
7,,五险一金、加班补助、团建经费、年底双薪,上海,上海砸立电子商务有限公司,本科,"移动互联网,电子商务",['电商'],"['年度旅游', '美女多', '扁平管理', '技能培训']","
职位描述：

【岗位职责】：1.利用机器学习技术，从事电商行业推荐系统研发；2.负责推荐系统的排序、分类等模型算法的离线训练、在线算法设计工作3. 负责各类推荐算法的有效性测试、上线部署、迭代优化、以及上线后算法效果跟踪、更新维护工作4.深入理解业务以及机器学习、数据挖掘技术，持续提升推荐效果【职位要求】：1.3年以上个性化推荐算法相关经验，有大型电商推荐算法开发工作经验者优先；2.具备比较优秀的编码能力，能熟掌握 JAVA、Python 、SQL等 语言，熟悉HIVESQL\Hadoop\Spark等大数据开发环境者优先；3.掌握常规数据处理、数据清洗等技能，熟悉机器学习、自然语言处理、深度学习、统计学中一项或多项；4.对电商或者广告推荐系统、CTR预估相关技术有经验者优先；5.优秀的分析问题和解决问题的能力，对解决具有挑战性问题充满激情。

",机器学习及算法工程师,25k-50k,50-150人,B轮,3-5年
8,['火炬路'],"弹性工作制,绩效奖金,加班补助,股票期权",大连,上海连世数字技术有限公司大连分公司,硕士,"移动互联网,游戏",[],"['年底双薪', '带薪年假', '午餐补助', '定期体检']","
职位描述：

岗位职责：
1、利用机器学习从海量异构数据中进行有价值信息的挖掘和整合；
2、将算法应用到海量数据处理、中，解决项目的机器学习问题，比如用户行为预测、图像识别、文本情感分析等。
?
岗位要求：
1 数学，统计学，计算机专业硕士以上学历，2年以上研究或工作经验；
2 具有机器学习，数据挖掘经验，熟练运用相关分析工具；
3 掌握常见的分类，聚类，推荐算法，如Decision Tree，Naive Bayes，SVM，LR，K-means等；
4 掌握主流的深度学习框架技术，如Caffe，Tensorflow，Keras等，对系统实现有深入了解；
5 了解CNN，RNN，DBN，Backpropagation，Gradient Descent等网络结构和算法；
6 具备数据工程和处理大数据的能力，熟悉Hadoop、Spark等流行开源框架。

",机器学习/深度学习,15k-25k,150-500人,上市公司,3-5年
9,"['和平公园', '四平路', '临平路']","行业先锋,智能语音,数据驱动",上海,上海脉豪商务信息咨询有限公司,硕士,"移动互联网,企业服务","['大数据', 'Java', '数据挖掘']","['股票期权', '带薪年假', '定期体检', '弹性工作']","
职位描述：

我们的人工智能项目（已上线）方向：
语音质检&电销机器人
加入我们你将获得：
海量的语音语料，成熟的应用场景，广阔的成长空间，最前沿的技术攻坚

我们需要您：
1、应用自然语言处理技术实现实体识别、意图识别、情感分析等对话系统中的相关工作
2.负责算法技术攻关，结合业务特征向团队提出合理化算法解决方案与建议，并且对业务做建模设计；
3.从事整数规划、机器学习、数据分析等算法的研究和工程化实现；
4.对已有算法进行调优改进，提高算法的精度和性能；
5. 将深度学习、强化学习等最前沿的AI技术应用于人机交互的各个方面，包括：问答系统，上下文理解，知识图谱，情绪识别与应对
对您的期望：
1.1年以上相关工作经验；本科以上学历，具备基本的数学功底和算法功底，在基础数学、概率、线代有基本的能力
2.熟练使用1种常见的机器学习、AI的框架(spark，caffe，paddlepaddle，mxnet，torch，fasttext等皆可)，并且在1个项目上，有成功应用的经验；至少掌握一种编程语言，如JAVA、python；
3.如果有语音识别、自然语言处理方面的经验、项目案例则更佳；
4.基本的开发能力，掌握相关开发语言(Java/Python等)、框架、数据库、Linux等相关知识，能够独立完成算法的工程化应用实现；
5.扎实的独立分析问题、解决问题的能力，具备良好的需求理解能力、沟通协调能力和团队合作精神；
6.具有高度的责任感和耐心细致的工作态度；能够承受较大工作压力。

",机器学习/算法工程师,15k-25k,150-500人,天使轮,不限
10,,"七险一金,免费健身,午餐自助,团队大牛",北京,北京闪银奇异科技有限公司,本科,"移动互联网,金融",[],"['13~15薪', '晋升空间大', '定期体检', '能力定薪']","
职位描述：

1、利用海量数据进行数据分析与建立模型工作 ；
2、对大数据进行feature selection, combination等feature engineering工作 ；
3、搭建大规模机器学习算法平台 ；
4、跟踪互联网领域最新的自然语言处理，及文本挖掘算法的进展和发展趋势 ；
5、建立和完善分析体系，跟踪模型的实施，定期优化算法和分析策略，提供建设性建议。

任职要求：
1、要求1年以上的工作经验，有大数据分析和处理经验；
2、统计学、应用数学、计算机等相关专业，本科及以上学历，985院校毕业生优先考虑；
3、对常用的机器学习算法、特征选择方法、数据建模过程有深入理解 ；
4、熟悉常用数据挖掘算法（如分类、聚类、回归、关联规则、神经网络等）及其原理，并具备相关项目经验；
5、熟练掌握R、Python等语言，并熟练使用SQL语句；
6、熟悉Hadoop,Storm，Spark等大数据技术以及适应场景, 有大规模数据处理和日志处理经验的优先；
7、较强的数据敏感度，逻辑分析能力和文档写作能力；
8、勤奋踏实、工作积极主动、有责任心，能够在压力下工作。

",机器学习工程师,35k-60k,500-2000人,D轮及以上,1年以下
11,,"期权,团队扁平,快速发展",成都,成都超有爱科技有限公司,本科,"移动互联网,教育","['教育', 'Java', '算法', '数据挖掘']","['股票期权', '年底双薪', '管饭！', '超爱学习']","
职位描述：

岗位职责：

1、对用户学习行为进行分析、特征抽取和建模，优化学习策略；
2、结合机器学习、数据挖掘等技术，设计和构建科学的英语测评体系；
3、探索机器学习服务于在线教育行业的前沿技术。

岗位要求：

1、本科及以上学历，扎实的计算机基础，精通算法、数据结构；
2、熟悉C、C++等某种或多种语言，熟悉常用的机器学习算法模型；
3、沟通能力强，乐于进行团队合作，执行力强，有责任心。

薪资福利：

20k~40k（13个月）
MBP + Dell U2713HM 罗技（Logitech）K120键盘
1、真实可靠的期权，一不小心就变富富富了有没有；
2、免费三餐（餐标60/天），号称软件园餐标最高的地儿；
3、六险一金，公司额外购买两人份商业保险；
4、入职kindle paperwhite + 500元亚马逊读书卡；
5、每年爱康国宾超豪华体检包一份（还可以带上你的TA）；
6、全年健身卡，好好锻炼你的右臂吧；
7、周三、周四晚包场的内部羽毛球和篮球；
8、超多节假日小礼品，什么元祖的粽子七夕的巧克力啦；
9、定期的团队建设（我们去过太子岭滑雪，去过青城山住别墅，去过海螺沟看雪山）；
10、上班时间自由不打卡，管理扁平，觉得CEO桌子不错可以直接过去搬过来用。

",机器学习工程师,20k-40k,150-500人,D轮及以上,1-3年
12,['上地'],"前沿公司,大平台",北京,深思考人工智能机器人科技（北京）有限公司,硕士,"移动互联网,企业服务","['硬件制造', '数据挖掘']","['股票期权', '弹性工作', '领导好', '管理规范']","
职位描述：

岗位职责：
1、结合数据挖掘传统算法，机器学习浅层算法，深度学习深层算法在人工智能领域的产品中进行分类和预测；
2、以上算法在图像识别、自然语言处理、舆情分析、语音识别等人工智能方面的应用；
3、以上算法在高性能云计算服务器上的并行化和优化工作。
任职要求：
1、硕士及以上学历，计算机相关专业毕业；
2、对机器学习的一般模型如分类、聚类、关联分析、预测等模型熟悉（LR，CART，SVM，NN，Bayesian，PCA，LDA等），理解一些常用的特征选择和矩阵分解的算法；
3、熟悉深度神经网络和常用的模型,如RBM、CNN、DBN、Sparsecoding、RNN等，对常用的开源实现,如Caffe、Theano或ConvNet等有实践经验者优先考虑；
4、熟悉深度神经网络在图像识别、自然语言处理方面的应用，有文本处理方面的经验者优先考虑；
5、熟悉大规模并行计算的基本原理并具有实现并行计算算法的基本能力，熟悉Hadoop或者Spark架构者优先考虑，有过基于GPU指令的算法优化经验者优先考虑；
6、良好的英文阅读能力，跟踪学术界和工业界的最新研究成果，并可以通过编程语言（C、C++、java、Python、Matlab）来编程实现，有编程实现过近几年深度学习相关论文算法者着重考虑；
7、有创造性的思维，敢于超越技术极限，致力于研发一流的技术和产品；
8、具有良好的沟通能力，和良好的团队合作精神。

",机器学习与算法工程师/研究员,15k-30k,50-150人,A轮,不限
13,"['朝外', 'CBD']","五险一金,绩效奖金,节日福利,医疗保险",北京,阳光保险集团股份有限公司,本科,金融,"['大数据', '金融', 'Java', '算法']","['绩效奖金', '五险一金', '通讯津贴', '交通补助']","
职位描述：

岗位职责
1. 利用机器学习方法解决金融领域的实际业务问题；
2. 研究非结构化数据在信贷风控领域中的应用；
3. 探索深度学习、增强学习、迁移学习等技术在金融业务的应用；
4. 跟踪人工智能前沿技术，在实际业务中尝试应用；
岗位任职条件：
1. 计算机/数学/统计/金融或相关领域学位，统招本科及以上学历；
2. 扎实的算法、编程、数理基础，熟练使用Java、Python中的至少一种编程语言；
3. 熟悉常用的机器学习、深度学习算法，有实践经验者优先；
4. 熟悉中国市场信贷、股票、债券、基金等产品和规则，有量化相关从业经历者优先；
5. 具备大数据处理能力，有分布式环境下非结构化数据处理经验者优先；
6. 善于学习，思维活跃，乐于挑战，有良好的沟通表达能力和团队精神；
7.拥有至少两年机器学习工作经验，金融建模方向优先。

",机器学习工程师,20k-40k,2000人以上,不需要融资,1-3年
14,,"国际化团队, 高层写字楼, 完善的福利",西安,西安星垂智能科技有限公司,本科,"移动互联网,人工智能",[],"['带薪年假', '弹性工作', '健身房福利', '扁平管理']","
职位描述：

星垂智能 ZENO 是一家总部在西安的科技创业公司，由连续创业者们创立，创始人们曾在美国，阿联酋等地工作和创业。目前 ZENO 处于影藏模式中，已经获得来自阿联酋，加拿大和新加坡的客户。公司位于西安，并在迪拜设有分公司。
公司提供完善的福利制度和行业内 Top 5% 的薪资。我们期望新同事拥有良好的英文沟通能力，对新技术的敏锐性和对新鲜事物的好奇心。
薪资福利1. 初级工程师 18k, 中级工程师 20k, 高级工程师 25k 起，可以沟通，保证市场上前 5% 的薪水2. 五险一金以及其他法律规定的员工基础福利3. 每年至少一次的国外旅行或者到其他国家办公室访问机会4. 产假（无论性别）5. 健身房会员6. 其他人性化的福利政策
岗位职责1、利用机器学习或深度学习技术进行前沿人工智能技术研发2、负责图像识别、语义理解、语音识别相关的算法研究3、负责人工智能算法项目实施及优化4、对业界新应用和技术进展进行跟踪研究5、负责或参与AI团队的建设和管理
工作要求1、本科及以上学历，计算机、数学、统计等相关专业优先2、精通人工智能领域相关理论和算法，并具备丰富的项目实践经验3、熟悉大规模数据分析技术，掌握机器学习的相关技术?4、熟悉最新的深度学习和机器学习算法，精通自然语言处理者优先5、具有快速学习能力，能够高效使用各种新的技术和框架6、工作主动性强，勇于挑战和创新7、有带团队经验和能力，沟通表达能力和分析解决问题能力强8、在CVPR、 ECCV、 NIPS等计算机视觉顶级会议上发表过论文者优先考虑

",机器学习工程师,18k-25k,15-50人,不需要融资,3-5年
15,['中关村'],发展空间大，集团资金支持,北京,北京灏博大数据科技有限公司,硕士,"数据服务,人工智能","['大数据', '企业服务', '人工智能', '数据挖掘']","['绩效奖金', '交通补助', '定期体检', '带薪年假']","
职位描述：

岗位职责：
1.? 参与客户的数据挖掘建模分析项目，能独立完成从数据提取、特征工程、算法实现的全套流程；
2.? 形成算法积累，参与数据模型类产品（风控、精准营销系统）的研发。
岗位要求：
1.? 统招全日制硕士及以上学历，数学、统计、计算机等专业；
2.? 扎实的理论和算法基础，深刻理解常用的机器学习模型（LR／SVM／RF／GBDT等），能够明确客户目标和提出相应的解决方案；
3.? 至少熟练掌握一门编程语言和快速编码能力（Python、Scala）；
4.? 做事严谨踏实，学习能力强，有一定的独立思考和沟通能力。
加分项：
1.? 参加过Kaggle、KDD Cup等竞赛且排名靠前，或者国内外期刊会议发表论文；
2.? 具有分布式平台搭建和应用的经验（Hadoop、Spark等）。

",机器学习工程师,15k-30k,15-50人,不需要融资,1-3年
16,['张江'],"发展空间,薪资给力,期权",上海,上海腾聘企业管理咨询有限公司,硕士,"移动互联网,数据服务",['移动互联网'],"['年底双薪', '绩效奖金', '年终分红', '交通补助']","
职位描述：

1. 负责用户画像，推荐算法和机器学习平台的搭建;2. 改进产品的资讯内容推荐系统，优化用户的阅读体验;岗位要求1、2年以上互联网工作经验，对广告、推荐系统等任何一个领域有实践经验；2、对机器学习系统有一定了解；熟悉最优化的基础理论，能够将业务问题转化成相关的优化问题并求解，深刻理解并独立实现过相关算法（回归、决策树、分类问题、深度神经网络、图模型，概率统计，最优化方法等）3、熟悉常用数据结构，具备扎实的算法基本功，熟悉C++、Python、go等编程语言；编程能力强，代码爱好者加分。4、良好的业务理解能力和逻辑思维能力，能够从海量数据中发现关键特征，出色的问题分析及解决能力base上海广兰路或者北京苏州街

",推荐算法/广告算法/机器学习,35k-70k,50-150人,B轮,3-5年
17,"['大冲', '科技园', '科技园', '大冲']","大数据风控,技术创新,发展空间大",深圳,深圳白骑士大数据有限公司,本科,"企业服务,金融","['大数据', '金融', '算法']","['专项奖金', '大数据', '反欺诈', '带薪年假']","
职位描述：

岗位职责：
1.结合数据挖掘，机器学习，深度学习算法，在金融进行分类和预测；
2.以上算法在反欺诈，信用分析，舆情分析等方面的应用；
3.以上算法在云计算服务器上的并行化和优化工作。

任职要求：
1.本科及以上学历，计算机相关专业，两年以上相关工作经验；
2.熟悉机器学习的一般模型如分类（LR，NBM，DT，SVM等）、聚类（DBSCAN，K-MEANS），理解一些常用的数据预处理（Normalize, Regularize），特征选择（PCA, LDA）和矩阵分解的算法；
3.熟悉深度神经网络和常用的模型,如RBM、DBN、CNN、RNN、LSTM等，对常用的开源实现,如Tensorflow、Theano等有实践经验者优先考虑；
4.熟悉Hadoop或者Spark架构者优先考虑，有过基于GPU指令的算法优化经验者优先考虑，熟悉python有限考虑；
5.有数学建模比赛获奖记录者优先，有数据挖掘比赛记录（如KAGGLE、天池大数据竞赛）优先；
6.良好的英文阅读能力，跟踪学术界和工业界的最新研究成果，并可以通过编程语言（C、C++、java/scala、Python）来编程实现，有编程实现过近几年深度学习相关论文算法者着重考虑；
7.有创造性的思维，敢于超越技术极限，致力于研发一流的技术和产品；
8.具有良好的沟通能力和良好的团队合作精神。

",机器学习工程师,15k-25k,50-150人,A轮,1-3年
18,,人工智能、人脸识别,深圳,深圳市华付信息技术有限公司,硕士,"移动互联网,硬件",[],"['年底双薪', '绩效奖金', '午餐补助', '定期体检']","
职位描述：

工作内容：1、负责计算机视觉&机器学习（包括深度学习算法的开发与性能提升），负责下述研究课题中的一项或多项，包括但不限于：人脸检测、人脸关键点检测、人脸识别、人脸属性、活体检测、OCR等；2、推动计算机视觉&机器学习算法在众多实际应用领域的性能优化和落地；3、 提出和实现最前沿的算法，保持算法在工业界和学术界的领先。任职要求：1、硕士及以上学历，计算机、数学等相关专业；2、熟练掌握计算机视觉、深度学习的基本方法；3、较强的算法实现能力，熟练掌握 C/C++ 编程，熟悉 Shell/Python/Matlab 编程之一;4、具有丰富的深度学习框架（如Caffe，TensorFlow，MXNet，Torch）应用经验；5、优秀的分析问题和解决问题的能力，对解决具有挑战性的问题充满激情；6、良好的沟通能力和团队合作能力。

",计算机视觉/机器学习工程师,20k-40k,150-500人,不需要融资,1-3年
19,,"弹性工程,发展空间,五险一金",上海,上海众言网络科技有限公司,本科,移动互联网,[],"['技能培训', '节日礼物', '年底双薪', '绩效奖金']","
职位描述：

【岗位职责】
通过机器学习、深度学习等技术，解决推荐系统、反作弊等相关问题。
【任职要求】
1、 计算机及相关专业硕士及以上学历；
2、 熟练掌握Java(或Scala)，熟悉Python；
3、 较强的工程能力，两年以上机器学习相关工作经验；
4.、对机器学习、深度学习理解透彻，熟悉常用的模型；
5、对数据敏感，分析数据、抽象问题、理解并解决问题，对使用机器学习解决实际问题有极强的热情；?
7、优秀的沟通与表达能力及较强的自我驱动能力；
8、有广告行业经验、搭建过大型推荐系统、对PredictionIO有实际经验的优先

",机器学习工程师,15k-30k,150-500人,B轮,1-3年
20,['西兴'],"股权激励,硅谷团队,前沿技术,双休",杭州,浙江天垂科技有限公司,硕士,"数据服务,企业服务",[],"['全新MAC', '24+显示器', '硅谷工作机会', '股票期权']","
职位描述：


负责Predictive Maintenance产品的算法开发，参与智能工业物联网平台建设
选择适合的机器学习算法、AI算法、特别是深度学习算法解决实际问题
配合工程师将算法集成到软件产品中，并为客户带来价值


任职要求：

计算机、数学、统计、化工、机械等相关专业硕士，博士优先
强大的数学知识背景（线性代数，微积分，概率统计）
有机器学习实战经验（如regression analysis, time series, probabilistic models, supervised classification and unsupervised learning等）
有深度学习经验 （DNN)
有MapReduce、Streaming经验
擅长Python或者R语言
善于沟通，并可以独立思考完成任务的能力


加分项：

国内外一流学校毕业
有JAVA或Scala经验
化工或者机械等相关专业背景
在Github上有上传代码或demo


",数据科学家/机器学习工程师,25k-50k,15-50人,天使轮,1-3年
21,,"快速成长,待遇丰厚,团队优秀",深圳,深圳无觅科技有限公司,本科,"移动互联网,金融",[],"['高速增长', '股票期权', '小而精', '扁平管理']","
职位描述：

岗位描述:
1.负责模型的优化和上线，监控模型关键指标，发现和优化模型存在问题。
2.程序性能优化，提升CPU/GPU利用率，以及深度学习分布式计算的框架搭建优化工作。
3.移动端性能优化

岗位要求:
1.熟练掌握深度学习各项技能，CNN，LSTM，Attention等
2.熟悉各种深度学习框架，keras, pytorch, tensorflow,有实际应用的优先
3.熟悉自然语言处理，文本挖掘，topic model等，对其中某方面核心算法理解透彻，有实际建模经验者或者并行化经验者优先；
4.熟悉python、Java等编程语言

",机器学习工程师,25k-50k,150-500人,B轮,3-5年
22,['东四'],"行业领导者,弹性工作制,午餐和零食,周五7小时",北京,中诚信征信有限公司,本科,"数据服务,人工智能","['大数据', '征信', '算法']",[],"
职位描述：

岗位职责：
1）负责信贷业务数据处理、变量加工和建模等工作；
2）负责机器学习、深度学习领域的算法模型研究工作；
3）负责机器学习平台项目的技术研发，根据业务需求对相关工具、算法进行稳定性和性能优化。?
?
任职要求：
1）985硕士及以上学历，数学、统计、计算机等相关专业均可，理论基础好；；
2）熟悉常用的机器学习算法，如随机森林，GBDT，聚类等；
3）熟练掌握python编程语言，代码能力强，熟悉Java者优先录用；；
4）熟悉Hive、HBase、Storm、Spark等开源平台，有丰富的工程项目经验；
5. 熟悉神经网络、深度学习，有相关工作经验者优先。

公司简介：（?http://www.ccxcredit.com.cn/）?
? ? 中诚信征信有限公司（简称“中诚信征信”）隶属于中诚信集团。在企业征信、个人征信、商业信息服务、市场调研咨询等领域，拥有十余年的丰富经验。公司始终坚守中立、客观、公正的理念，秉持专业、诚信、严谨的操守，做市场认可的独立第三方征信机构。? ? 中诚信征信于?2014?年?6?月，率先获得全国企业征信业务经营备案资质，并于?2015?年?1?月，成为首批获准开展个人征信业务准备工作的独立第三方征信机构。作为第一批央行获得批准开展个人征信准备工作的民间征信机构，中诚信征信在商业利益驱动以外，希望能通过市场化行为和生活化应用让更多的人更好的了解个人信用的价值，促进我国社会化信用体系建设良性发展。
我们的优势?
?底蕴：隶属于中国最大的信用管理集团--中国诚信集团。
?资质：中国第一张企业征信牌照、首批个人征信准备工作牌照。
?专业：十余年征信行业领导者，持续专注于征信技术的研发。
?客观：坚持独立第三方定位，秉持客观中立原则。
?全面：线上与线下征信相结合，涵盖标准化与定制化服务。
?创新：中国首批互联网大数据征信的践行者。
我们的福利：
? ? 我们不仅为员工提供优厚的福利保障，还致力于打造轻松、愉快的团队环境：
――按国家标准缴纳社保、公积金；
――年度14-15薪；
――扁平化管理，平易近人的领导团队；
――丰富的内、外部培训分享平台；
――每周五4点半下班，开启各类丰富有趣的团建活动；
――弹性的工作时间；
――免费午餐，更有多重美味的零食供以选择；
――位于东二环环境优美的独立四合院，紧邻地铁5、6号线东四站。

",机器学习工程师,20k-35k,150-500人,不需要融资,1-3年
23,,"大牛,人性化管理,靠谱团队,技术氛围好",杭州,北京深睿博联科技有限责任公司,硕士,"移动互联网,医疗健康","['医疗健康', 'NLP', '计算机视觉', '图像处理']","['股票期权', '年底双薪', '定期体检', '弹性工作']",null,深度/机器学习实习生,10k-20k,150-500人,B轮,不限
24,,发展空间,上海,上海基分文化传播有限公司,本科,移动互联网,[],"['专项奖金', '带薪年假', '弹性工作', '管理规范']","
职位描述：

1、从事机器学习算法的研究与分布式开发；
2、 将算法应用到海量数据处理中，解决项目的机器学习问题，比如用户行为预测等；
3、利用机器学习从海量异构数据中进行有价值信息的挖掘和整合。
[岗位要求]
1、计算机、数学相关专业本科以上学位 ；
2、了解机器学习的基本算法模型，了解机器学习问题求解方法 ；
3、能够使用一种编程语言实现各种算法；
4、有使用tensorflow实现机器学习算法经验者优先；
5、良好的算法基础，有相关竞赛经历者优先；
6、能够阅读英文技术文档及论文，具有良好的自学能力。

",机器学习工程师,20k-40k,500-2000人,上市公司,3-5年
25,,"新零售,平台大,技术氛围好,大牛多",武汉,武汉今天梦想商贸有限公司,本科,生活服务,[],"['绩效奖金', '带薪年假', '缴纳社保', '员工旅游']","
职位描述：

岗位职责：1.负责从事机器学习框架搭建，建立较完整的机器学习系统流程；2.结合实际应用场景，提供技术解决方案；3.结合实际应用场景抽取数据样本、特征处理、训练和预测以及回收并评估预测效果；任职要求：1、本科及以上学历，计算机或者数学等相关专业学历，在机器学习，数据挖掘，统计学理论等领域有一定积累。学习能力较强；1、熟练掌握常用的大数据分析方法；2、熟练使用SQL；熟练使用一种或多种通用编程语言，包括但不限于：Java 或 Python；3、有扎实的代码功底，有较大型项目系统设计经验和研发经验；4、熟悉大数据分析平台Hadoop、Spark、Hive、HBase等基本原理，有实际的项目开发和应用经验；5、熟练掌握机器学习和模式识别（包括但不限于随机森林、GBDT、SVM、LR等）的算法原理和基础理论，并有实际项目的模型开发、应用和优化经验；6、熟练掌握常用机器学习库 如scikit-learn ，以及常用的机器学习框架如 spark mllib、xgboost等。

",机器学习/数据挖掘研发工程师,15k-30k,500-2000人,B轮,3-5年
26,,"技术牛人多,薪酬福利高,上升空间大",北京,北京闪银奇异科技有限公司,硕士,"移动互联网,金融",[],"['13~15薪', '晋升空间大', '定期体检', '能力定薪']","
职位描述：

岗位职责：
1. 通过海量数据挖掘、机器学习等方法，构建风险控制、还款能力评估、用户画像、个性化推荐等系统；
2. 深入分析现有算法，了解业务需求，给出有效的优化解决方案；
3. 参与/负责研发人工智能的数据抓取、机器学习的自动化信息以及特征提取系统；
4. 对业界的机器学习算法和应用有广泛了解并且能够跟踪最新进展。
?
任职要求：
1. 统招本科以上学历，研究生优先，计算机、统计学、应用数学、金融等相关专业背景优先；
2. 三年以上实际项目开发实施经验，有对复杂算法系统的分析、设计和优化能力；
3. 有机器学习、数据挖掘等相关项目实际经验，理解搜索/推荐系统/用户数据分析和建模的基本概念和常用方法，具备真实环境大数据集下的数据挖掘/机器学习实战经验者优先；
4. 熟悉Python/ R /Java/Scala中的一种或多种编程语言，对数据结构和算法设计有较为深刻的理解；
5. 熟悉MySQL，redis，MongoDB等数据库，了解最新数据库发展趋势；
6. 对数据敏感，具备良好的逻辑思维能力、数学建模能力、问题抽象能力，以结果为导向；
7. 有良好的沟通能力者、优秀的解决问题能力者优先

",高级机器学习,30k-50k,500-2000人,D轮及以上,3-5年
27,"['复旦大学', '五角场']","AI,机器学习",上海,杭州睿拓智能科技有限公司,硕士,人工智能,"['其他', '数据挖掘', '算法']","['弹性工作', '节日礼物', '五险一金', '交通补助']","
职位描述：

1. 利用机器学习/深度学习的技术进行前沿人工智能技术研发；
2. 熟练掌握机器学习/深度学习等相关知识，并能够将其应用于特定产品中；
3. 确定、选择机器学习算法解决实际问题的思路，方法；
4. 实现机器学习算法和技术解决实际问题。
职位要求：
1. 计算机、数学、统计相关专业，硕士及以上学历，三年及以上数据挖掘、机器学习相关经验
2. 熟练掌握至少一门编程语言，例如Python、Java、R等
3. 能够熟练的使用Caffe、Tensorflow、Theano、Torch等任一种主流的深度学习框架
4. 对NLP、机器视觉、语音识别等相关领域熟悉并且精通其中一个方向；
5. 编码和团队协作能力强，能够独立支撑一个研究方向，勇于挑战和创新，工作主动性强
6. 符合以下条件者优先考虑：博士学位，且在CVPR, ECCV, NIPS等计算机视觉顶级会议上发表过论文

",机器学习工程师,20k-35k,15-50人,B轮,不限
28,,"技术大牛,人工智能,机器学习,大数据",北京,乐元素科技（北京）股份有限公司,硕士,"移动互联网,游戏",[],"['技能培训', '领导好', '节日礼物']","
职位描述：

Responsibilities:
Build, maintain, and improve efficiency and reliable data mining and machine learning models.
Work closely with researchers in designing and implementing and tuning machine learning models, and provide performance feedback of machine learning models.
Work closely with data engineers to adapt and improve data pipelines for production models.
Work closely with software engineers in putting models into production (interface, SLA, scalability)
Qualifications
Ms in Computer Science with 2+ years of industry experience or PhD with 1+ years of industry experience
Expert in Python, and computation graph toolkits (e.g., Scikit-learn, Tensorflow). Solid experience with Python packages such as Numpy, Panda, and Scikit-learn.
Expert/Master in common families of machine learning models, feature engineering, feature selection techniques, and tuning of machine learning models
Master with SQL or other relational database.
Master in building and productionizing end-to-end machine learning systems
Knowledge and experience in cloud computing is a plus.

",机器学习工程师,50k-70k,500-2000人,不需要融资,3-5年
29,"['打浦桥', '鲁班路']",弹性工作时间，扁平化管理,上海,上海阿牛信息科技有限公司,本科,"金融,移动互联网",[],"['技能培训', '节日礼物', '岗位晋升', '年度旅游']","
职位描述：

团队描述 作为华尔街见闻（以下简称见闻）机器学习团队的成员，我们将经典机器学习、NLP、深度学习等技术应用于各类 财经数据，打造丰富的数据产品同时服务于见闻内部团队及终端用户。我们致力于更好地理解数据并将其价值辐射 至见闻的各个方面，与见闻的内容、产品、业务研发、SRE、爬虫团队密切合作，助力见闻在财经领域数据的积累 以及数据能力的进化。

职位描述 ：
1、利用各类 NLP 算法解决财经领域的文本理解、实体抽取及关联等问题。?
2、编写模型代码、自动化模型的训练部署流程。?
3、深入了解具体需求，选择合适（并不一定是最先进）的算法／流程，按时将其实现并交付。
4、和见闻内容团队合作，完善文本内容的结构化数据，智能化处理内容数据，实时文本聚类。?
5、和见闻产品团队、业务研发团队合作，打造个性化的推荐服务以及各类财经数据服务，并建立完善的用户数据收集 和分析机制。?

能力要求：
1、CS 相关专业本科及以上学历。?
2、熟悉常见的 NLP、机器学习算法。?
3、熟练掌握 Java、Scala、Python 其中至少一门语言（实际工作中往往会穿插使用），并有良好的代码习惯。 掌握基本的 SQL 技能。?
4、掌握基本的 web 相关开发技能（实际工作中主要是编写服务接口）。?
5、有实际 NLP 相关项目经验优先。?
6、有 Tensorflow、Torch 等深度学习框架经验优先。?
7、有大数据处理框架或工具如 Spark、Hive、Yarn 等经验优先。?
8、具有强烈的自主学习欲望同时积极与团队其它成员探讨问题。?
9、善于与不同团队沟通、合作。

",数据科学/NLP/机器学习工程师,10k-20k,150-500人,B轮,1-3年
30,"['浦沿', '江南']","AI,机器学习,算法",杭州,杭州睿拓智能科技有限公司,硕士,人工智能,"['其他', '算法', 'Scala']","['弹性工作', '节日礼物', '五险一金', '交通补助']","
职位描述：

1.负责机器学习AI云平台开发;
2.负责算法的设计和优化, 机器学习Pipeline和Model实现;
3.负责根据项目和产品特点需求，提高并行性能;
职位要求：
1.熟悉Python, Sklearn, Numpy, Pandas, Spark MLlib, Hadoop;
2.熟悉Classification, Regression的各种算法;?
3.熟悉Scala, Java, C, C++, 分布式计算, H20架构优先；
4.具有数据分析, ETL, Feature Engineering经验, 了解Deep learning: Tensorflow, Theano经验者优先;
5.对新技术钻研有强烈兴趣，有良好的学习能力和强烈的进取心及创新精神。

",机器学习工程师,20k-35k,15-50人,B轮,1-3年
31,['东四'],"行业领导者,弹性工作制,午餐和零食,周五7小时",北京,中诚信征信有限公司,本科,"数据服务,人工智能","['大数据', '征信', '算法', '数据分析']",[],"
职位描述：

岗位职责：
1）负责信贷业务数据处理、变量加工和建模等工作；
2）负责机器学习、深度学习领域的算法模型研究工作；
3）负责机器学习平台项目的技术研发，根据业务需求对相关工具、算法进行稳定性和性能优化。?
?
任职要求：
1）985硕士及以上学历，数学、统计、计算机等相关专业均可，理论基础好；；
2）熟悉常用的机器学习算法，如随机森林，GBDT，聚类等；
3）熟练掌握python编程语言，代码能力强，熟悉Java者优先录用；；
4）熟悉Hive、HBase、Storm、Spark等开源平台，有丰富的工程项目经验；
5. 熟悉神经网络、深度学习，有相关工作经验者优先。

公司简介：（?http://www.ccxcredit.com.cn/）?
? ? 中诚信征信有限公司（简称“中诚信征信”）隶属于中诚信集团。在企业征信、个人征信、商业信息服务、市场调研咨询等领域，拥有十余年的丰富经验。公司始终坚守中立、客观、公正的理念，秉持专业、诚信、严谨的操守，做市场认可的独立第三方征信机构。? ? 中诚信征信于?2014?年?6?月，率先获得全国企业征信业务经营备案资质，并于?2015?年?1?月，成为首批获准开展个人征信业务准备工作的独立第三方征信机构。作为第一批央行获得批准开展个人征信准备工作的民间征信机构，中诚信征信在商业利益驱动以外，希望能通过市场化行为和生活化应用让更多的人更好的了解个人信用的价值，促进我国社会化信用体系建设良性发展。
我们的优势?
?底蕴：隶属于中国最大的信用管理集团--中国诚信集团。
?资质：中国第一张企业征信牌照、首批个人征信准备工作牌照。
?专业：十余年征信行业领导者，持续专注于征信技术的研发。
?客观：坚持独立第三方定位，秉持客观中立原则。
?全面：线上与线下征信相结合，涵盖标准化与定制化服务。
?创新：中国首批互联网大数据征信的践行者。
我们的福利：
? ? 我们不仅为员工提供优厚的福利保障，还致力于打造轻松、愉快的团队环境：
――按国家标准缴纳社保、公积金；
――年度14-15薪；
――扁平化管理，平易近人的领导团队；
――丰富的内、外部培训分享平台；
――每周五4点半下班，开启各类丰富有趣的团建活动；
――弹性的工作时间；
――免费午餐，更有多重美味的零食供以选择；
――位于东二环环境优美的独立四合院，紧邻地铁5、6号线东四站。

",机器学习研究员,15k-30k,150-500人,不需要融资,1-3年
32,"['西溪', '黄龙', '西湖']","大牛,人性化管理,靠谱团队,技术氛围好",杭州,北京深睿博联科技有限责任公司,硕士,"移动互联网,医疗健康","['医疗健康', 'NLP', '计算机视觉', '图像处理']","['股票期权', '年底双薪', '定期体检', '弹性工作']","
职位描述：

研究深度学习（包括各种神经网络结构与应用）或计算机视觉各个领域（目标检测识别等）中核心算法
将上述核心算法和模型应用到医疗领域的现实场景中，并针对应用场景进行优化和定制等
将算法高效地实现到多种不同平台和框架上，并基于对平台和框架的内部机制的理解，持续对算法和模型实现进行优化
支持公司在医疗领域相关应用产品的研究、开发、文档撰写工作；
岗位要求：
机器学习/模式识别及其他相关领域硕士及以上学历，在深度学习领域有较深的理论或实验室研究经验
良好的算法基础，扎实的编程功底，有较大型项目的开发经验
能够熟练使用OpenCV，精通C/C++，Python,golang等，熟悉Linux开发环境
善于解决和分析问题，富有想象力和学习能力，良好的团队合作精神，有创造性思维，有推进人工智能的理想和使命感。
有以下经验者优先：
具有常用的CNN/RNN模型之外深度学习相关经验，熟悉常用的深度学习软件（如caffe，pytorch等）
在相关方向知名国际会议发表过论文（如CVPR，ICCV，ECCV，NIPS，ICLR，TPAMI等）
参加过国际国内算法类竞赛，并取得一定名次者

",深度/机器学习研究员,20k-40k,150-500人,B轮,不限
33,,"薪资福利,成长空间,核心业务",北京,北京趣拿软件科技有限公司,硕士,移动互联网,"['金融', '算法']","['技能培训', '节日礼物', '带薪年假', '无息住房贷款']","
职位描述：

工作职责：1.开展机器学习/深度学习等相关领域研究和开发工作；2.负责搭建深度学习框架，解决金融方向相关的风控决策优化；3.跟踪及研究深度学习前沿技术。任职资格：1.计算机或数学专业研究生及以上学历，且有较好的数学/统计学基础；2.有较强的算法分析和实现能力，熟练掌握java/Python等编程语言，有Linux开发经验；3.熟悉通用机器学习算法，有丰富的利用机器学习算法解决实际业务问题的经验；4.熟悉至少一种DeepLearning训练工具(caffe/tensorflow/theano/keras/mxnet等)；5.熟悉深度学习不同架构的应用场景，了解训练过程中的trick；6.有kaggle等竞赛经历或ImageNet等大规模数据集经历优先

",机器学习-金融事业部,20k-40k,2000人以上,不需要融资,3-5年
34,,免费三餐，租房补贴，扁平管理，职业大牛,北京,北京字节跳动科技有限公司,硕士,"移动互联网,数据服务",[],"['扁平管理', '弹性工作', '大厨定制三餐', '就近租房补贴']","
职位描述：

        职位职责：
1、人工智能、大规模分布式系统等领域开展前沿技术研究；
2、参与和推动技术落地到头条产品；
3、调研尝试人工智能技术为核心的新产品。

职位要求：
1、在以下领域之一有研究积累（作为主要作者发表过ICML, NIPS, ACL, CVPR, ICCV, ECCV等论文）：
 a) 机器学习：深度学习、大规模优化算法、统计概率模型、强化学习、推荐算法、高性能加速算法等 
 b) 计算机视觉：图像视频分类、视频内容分析、文字检测和识别、场景理解、人脸识别、物体追踪等
 c) 视频码率控制／视频质量增强，包括但不限于纹理增强／基于视觉模型优化有相关经验优先
2、算法与编程能力强，ACMICPC, NOI/IOI，Top coder，kaggle比赛获奖者优先；
3、能与团队融洽合作相处
        
",机器学习实习生-音视频,8k-10k,2000人以上,C轮,不限
35,,"五险一金,周末双休,年底奖金",北京,北京希瑞亚斯科技有限公司,本科,企业服务,[],"['节日礼物', '股票期权', '扁平管理', '领导好']","
职位描述：

Moka 是什么？

Moka 是一个智能化的招聘 CRM （?http://mokahr.com?），帮助公司管理并持续优化招聘，将招聘变成自身的竞争优势。我们相信：
・?????? 人才是公司最重要的资产，而招聘是打造优秀团队的重中之重。
・?????? 占据生命 1/3 时间的工作需要有好用高效的工具辅助，提高生产力。而老旧臃肿的企业软件必将被以用户为中心的新兴产品替代掉。
・?????? 未来的企业决策会越来越数据驱动，而企业服务则会更加注重数据以及智能化。
我们用短短 2 年的时间从 0 发展为 80余人的团队，并完成了来自金沙江、GGV、峰瑞等顶级VC的3轮融资，最重要的是产品上也收获了小米、金山云、快手、YY、陌陌、新东方、等数百家知名付费客户的支持。

Moka 的团队
创始团队来自硅谷，毕业于伯克利、斯坦福计算机专业，之前在 Facebook ， Turo ， SignalFx 等公司从事技术产品相关工作。团队成员来自百度、阿里、头条、搜狗、360、北大、清华、哈工大等地。
我们的特点
・?????? 认为 simplicity leads to reliable and maintainable software 。无论代码设计、技术选型、架构搭建上我们都崇尚简洁。
・?????? 技术氛围浓厚，鼓励大家分享学习。不定 topic 的技术分享，从前端框架到程序语言再到自动化测试都有涵盖。
・?????? 重视代码质量，相信软件开发不是 sprint 而是 marathon 。代码以 PR 方式提交，并会经过严格的 code review 。
・?????? 善于利用工具，不做重复性的工作。我们用 github 管理代码， bearychat沟通， jira做任务管理， sentry 做 bug 监控，jenkins做持续集成等等。

我们需要你：

负责业务数据的分析、理解和挖掘，驱动产品创新
根据业务场景建立模型，并利用NLP、机器学习等方法解决如命名实体识别、语义分析、匹配等实际问题


你最好具备~：

计算机或相关专业硕士及以上学历
丰富的中文NLP/NLU经验，丰富的机器学习经验（深度学习经验更佳）。主导过NLP项目（或参与过大型NLP项目）
熟练使用NLP/ML相关的开源工具和开发框架，如NLTK、stanfordNLP、TensorFlow、Theano、Caffe等
主人翁意识，以结果为导向。思路灵活，善于创新，不为固有方法所束缚。如寻找相关paper并快速验证效果、分析具体问题和数据来改进既有算法等
优秀的开发能力，能够独立从0搭建高质量的NLP项目


",自然语言处理/机器学习工程师,25k-50k,50-150人,B轮,3-5年
36,"['学院路', '五道口', '清河']","高薪,福利待遇优,人性化管理,前景广阔",北京,北京爱特曼科技有限公司,不限,"移动互联网,数据服务","['广告营销', '人工智能', '深度学习', 'NLP']","['年底双薪', '定期体检', '股票期权', '带薪年假']","
职位描述：

职责描述：
机器翻译相关算法的研发及现有机器翻译系统的持续优化
机器翻译离线数据处理及分析
任职要求：
1年以上NLP或机器学习相关科研或工作经验
扎实的编程和算法基础，熟练掌握至少一种编程语言（Python、C/C++、Java、C#等）
具备Linux平台下的开发能力
良好的数学基础和英文阅读能力
自我驱动力强
在机器翻译、Chatbot、QA、语音识别、搜索、广告、推荐等领域有实战经验者优先
具有BAT、微软等公司工作经验者优先

",机器学习工程师,18k-36k,15-50人,A轮,不限
37,"['东方路', '塘桥', '世纪公园']","周末双休,五险一金,带薪年假,节日福利",上海,上海你我贷互联网金融信息服务有限公司,本科,金融,[],"['年底双薪', '节日礼物', '技能培训', '绩效奖金']","
职位描述：

职位描述 ：
1.负责银行等金融机构的联合风控建模，包括大数据量的信贷数据的处理、清洗和挖掘，并持续迭代优化策略
2.大数据AI平台算法组件的开发与优化
3.追踪业内前沿技术，结合业务特点，探索将前沿的算法技术应用于实际业务，如自动机器学习、迁移学习、知识图谱等在金融领域的算法应用与研究。

任职资格：
全日制本科或以上学历，计算机、数学、经济学等相关专业；
有扎实的机器学习算法基础；
对新技术敏感，喜欢探索，有较强的创新意识与责任感；
熟悉SAS 、R、PYTHON、SQL、OFFICE等办公软件，有较强的数据分析能力、较强的逻辑思维和条理性；
有银行等金融机构建模工作经验者优先

",机器学习专家,25k-40k,2000人以上,未融资,3-5年
38,['大石'],"超高分红,诱人薪资,股票分红,技术大牛",广州,上海莱壳企业管理有限公司,本科,"移动互联网,企业服务",['硬件制造'],"['年底双薪', '帅哥多', '绩效奖金', '专项奖金']","
职位描述：

职位描述：
岗位职责：
1. 负责自研深度学习部署框架及外围工具开发；
2. 负责自研深度学习算法在产品端实现及优化；
3. 参与量化及模型压缩相关算法的研发；
?
岗位要求：
1. 嵌入式系统软件开发经验；
2. 扎实的C/C++编程功底，熟悉某种架构下的汇编语言更佳；
3. 熟悉计算机体系结构以及并行计算基本技术，具备至少一种硬件架构下的SIMD调优经验；
4. 熟悉掌握至少一种主流深度学习框架使用，包括但不限于caffe、tensorflow、pytorch等；
?
符合以下某一条件者优先：
1. 有矩阵运算，计算机视觉和图像处理算法在各种硬件设备移植经验的优先。
2. 熟悉移动端GPU，至少掌握一种异构计算编程技术：包括但不限于openCL、openGL或Vulkan；
3. 有深度学习框架（开源或自研）开发经历者；
4. 对高性能计算，异构计算和性能优化工作有强烈的兴趣。

",机器学习/深度学习优化工程师,30k-60k,150-500人,B轮,3-5年
39,,工作餐，股权激励，CBD，弹性工作,上海,上海倍业信息科技有限公司,硕士,"移动互联网,广告营销",[],"['带薪年假', '年度旅游', '扁平管理', '领导好']","
职位描述：

岗位职责
1、利用机器学习相关算法，解决核心业务需求；?
2、利用海量数据建模，对海量数据进行特征分析、选择与组合等特征工程工作；?
3、阅读前沿机器学习论文，编写、优化核心算法代码，应用于上线产品功能

职位要求：?
1、全日制硕士以上学历，计算机相关专业；?
2、熟悉算法和数据结构，编程基础扎实；?
3、有C/C++或者Java等相关语音或底层开发经验，熟悉Linux环境；?
4、具有机器学习基础，熟练掌握常用模型，比如分类、聚类、回归等机器学习算法；?
5、具有良好的分析问题和解决问题能力，对具有挑战性的问题充满激情； 6、参与过实际大型机器学习或者数据挖掘项目优先，了解广告行业加分

",机器学习研发工程师,30k-50k,15-50人,A轮,不限
40,['酒仙桥'],"五险一金,俊男美女,交通便利,团队聚餐",北京,北京智能优学科技有限公司,本科,移动互联网 教育,"['移动互联网', 'NLP', '算法']","['带薪年假', '绩效奖金', '年度旅游', '领导好']","
职位描述：

岗位职责：
1、运用数据挖掘/统计学习的理论和方法，深入挖掘和分析海量商业数据；
2、从系统应用的角度，利用数据挖掘/统计学习的理论和方法解决实际问题；
3、商业内容（文本广告、网页、图片、FLASH）的识别和反作弊技术研究；
4、指导和推进算法的工程化和评估优化。
?
任职要求：
1、相关专业本科（含）以上学历，拥有扎实的计算机基础理论知识；
2、2年以上机器学习、数据挖掘或图像识别的研究经验或工作经验；
3、熟悉机器学习的基本算法，对算法有较强的实现能力；对数据挖掘有足够的兴趣；
4、至少精通一门编程语言，熟练使用常用算法和数据结构，具备基本的工程编码能力；
5、具有统计或数据挖掘背景，并对机器学习算法和理论有较深入的研究优先；有大规模数据挖掘经验者优先；在互联网广告技术、NLP技术、图像识别、反作弊等方面有工作经验者优先；
6、务实、逻辑思维缜密、工作细致有耐心。

",机器学习工程师,30k-40k,15-50人,未融资,1-3年
41,,出国机会 五险一金 福利待遇好 下午茶,广州,广州经传多赢投资咨询有限公司,硕士,"移动互联网,金融","['证券/期货', '人工智能', '深度学习']","['绩效奖金', '年度旅游', '扁平管理', '技能培训']","
职位描述：

岗位职责：
1.利用数据分析工具、机器学习的方法发现数据中潜在的模式，为量化投资提供参考
2.参与公司量化平台的策略框架搭建和优化
3.基于数据挖掘和量化测评，辅助公司主营终端产品的功能升级和扩展

职位要求
1、?具有硕士或以上学历，金融工程、数学、物理、统计等专业；
2、具备良好的python编程能力，能够熟练使用Scikit-learn、Xgboost，会使用Keras、Tensorflow等一种以上的深度学习工具；
3、较好的英文阅读能力；
4、能够独立使用机器学习模型构建金融时间序列的预测模型，并持续改进；
5、全国数学建模、统计、Kaggle比赛获奖者有限，发表过数据挖掘、机器学习、人工智能等学术论文优先。
6、?有程序化交易的实战经验、实盘交易记录者优先

优势：
・?金融证券角度有深厚的行业沉淀，赋予广阔的视野和锻炼机会
・?公司未来几年在大数据和人工智能将持续大力投入，赋予该职位广阔的发挥空间
・?公司奉行创业文化、利他文化，在人才培养角度相比其他公司更愿意投入，团队平均入职年限超过4年并且平均年龄超过30岁。
・?团队奉行精英文化、强调个人能力最大化，目前有两名高级工程师负责高频量化方向并取得骄人成绩。
?
我们将为您提供：
薪资：我们提供行业内有竞争力的薪酬；（BTW:?试用期是 100%薪资）；
奖金+提成：优秀的您可以共享公司的经营业绩，直接每月兑现公司总销售利润；
基本保障福利：公司按照国家规定为员工实额缴纳社会保险；
额外补充福利：
* 晋升加薪类：每年有超过行业平均的加薪幅度；
* 员工关怀类: “家人生日会“(程序猿/媛的生日可以更加丰富多彩的）；
* 团队建设类：团队月度“腐败”活动+“每天充足的零食”+设备补贴（以补贴一个15寸高配rMBP的价格来每月返还）
*?年度旅游+自由度大+提升空间大+快速成长期，等等! 来了你就知道！
?
我们还有一些措施改善下大家的上班体验
给予超市场回报的薪水，更快加速度的涨薪幅度；
相对弹性上下班，请假制度，不鼓励加班，倡导高效开发文化.

",高级量化研究员-机器学习方向,20k-36k,2000人以上,不需要融资,3-5年
42,"['望京', '来广营']","海量数据,顶级团队,飞速发展",北京,北京数美时代科技有限公司,本科,"企业服务,数据服务","['广告营销', '大数据', '数据挖掘', '数据分析']","['年底双薪', '大数据', '带薪年假', '通讯津贴']","
职位描述：

360、小米、百度等顶级互联网公司联合投资，顶级大数据公司

?岗位职责：
1、基于数美海量数据进行数据建模与分析
2、对海量数据进行feature?selection,?combination等feature?engineering工作?
3、针对海量用户行为数据，构建用户兴趣属性，金融属性画像，欺诈属性等多维度画像?
4、基于海量画像数据，构建金融风控，互联网反作弊，精准营销，垃圾内容等模型和服务

职位要求：
1、硕士及以上学历，机器学习或统计学习建模领域拥有实际工作经验；
2、良好的逻辑思维能力，能够从海量数据中发现有价值的规律，熟悉大规模数据挖掘、机器学习等基本算法；
3、编程基础扎实，熟悉算法数据结构，有超过2年以上C++或Python开发经验 ?
4、有金融模型、广告算法、推荐算法等相关领域研究或实践经验者优先；
5、 踏实勤奋，自我驱动 ?
?

公司福利待遇
有竞争力的薪酬
期权奖励
五险一金+商业保险
午餐+晚餐补助
交通+通讯+电脑补贴
结婚+生育+丧葬+住院礼金
伯乐奖金
年假8天起+带薪病假
年度体检、零食畅享、团队建设、生日会、弹性办公


数美领先的大数据技术、产品与服务提供商
我们正在经历一个IT到DT的变革时代。大数据已经渗透到各个环节，各个角落。
这个世界，就是掩藏在表象之下，被数据所揭示的世界！
数美依托积累的海量数据、科技前沿技术， 极致的工匠精神和对数据的深度理解，提供领先的大数据产品与服务。?
我们正在寻找不平凡的你，和我们一起“发现数据之美”
欢迎投递简历

【关于数美】www.ishumei.com
? ? ? 数美由百度、小米、360等顶尖互联网公司联合投资的大数据公司，致力于利用人工智能技术和海量数据解决金融、互联网等领域广泛存在的欺诈问题，先后推出了信贷反欺诈、内容反欺诈、行为反欺诈等系列产品， ? ? ?
??? ?目前已服务数百家客户，覆盖直播、金融、支付、社交、电商、游戏、O2O等行业。其中包括中信银行、360、小米、58同城、爱奇艺、酷狗、用钱宝、点融、挖财、闪银、熊猫TV、花椒、唱吧等知名企业，并与腾讯云、金山云、七牛云等云服务提供商展开深度合作。
? ? 数美的创始人唐会军在搜索、安全、语音识别等大数据领域拥有十余年研发经验，曾历任百度系统技术负责人、360高级技术总监等职位。创始团队均来自百度、360、小米、宜信、FICO等知名互联网公司，数美核心团队是国内最早一批从事大数据平台与应用研发的团队，曾负责过的大数据平台规模居全球前十。国际顶尖反欺诈技术，拥有十余项专利，同时在安全，反作弊、推荐，广告，语音识别等领域有着丰富的大数据成功应用经验。
? ? ?? ? ??www.ishumei.com

",机器学习,20k-40k,150-500人,B轮,1-3年
43,,"弹性工作,年底双薪",上海,上海钧正网络科技有限公司,本科,"移动互联网,硬件",[],"['绩效奖金', '年底双薪', '股票期权', '交通补助']","
职位描述：

工作职责：
-负责机器学习、深度学习领域的技术研发工作，包括但不限于神经网络模型设计与优化、强化学习、迁移学习、主动学习、维度降低、核方法、谱方法、特征提取与稀疏学习、等级学习、推荐、随机优化等的算法和系统研发；
-对计算机视觉、语音识别、自然语言处理等某个领域内提供模型支持；
-负责机器学习尤其是深度学习前沿问题的探索与研究，结合未来实际应用场景，提供全面的技术解决方案。
工作要求：
-本科以上学历，计算机视觉、机器学习、人工智能、数据挖掘、信息检索、自然语言处理、语音识别等领域的计算机科学、电子工程或其它人工智能相关专业毕业；
-有机器学习、深度学习、人工智能、计算机视觉等领域全球领先企业的工作经验者优先；
-精通至少一种编程语言，包括但不限于Java、go、C/C++、C#、Python等；
-有深度学习学术或工程项目经验者优先考虑。

",机器学习实习生,4k-6k,2000人以上,D轮及以上,不限
44,"['五道口', '中关村', '清华大学']","五道口,技术大牛,数据可视化,下午茶",北京,北京数猎天下科技有限公司,本科,"数据服务,企业服务","['大数据', '算法', '数据分析']","['年底双薪', '交通补助', '带薪年假', '帅哥多']","
职位描述：

【你要负责的事】：
1、基于机器学习/深度学习进行公司大数据分析相关产品的研发；
2、利用机器学习/深度学习建立业务预测模型，指导客户决策；
3、进行大数据量的用户行为数据的处理、清洗和挖掘，并持续迭代优化推荐策略；
4、从数据中发现现有系统和算法的不足，提出改进的算法并推动实现
5、追踪业内前沿技术，结合业务特点，探索将前沿的算法技术应用于实际业务
【我们需要你】：
1、统招本科及以上学历，计算机、统计学、数学等背景优先；
2、有3年以上大数据相关研发经验，2年以上机器学习经验；
3、精通Python语言及相关的开发工具，熟悉特征工程，熟悉数据处理的基础件；
4、较好的数据挖掘处理经验，熟悉常用的机器学习算法；
5、有较多的程序开发经验，对数据结构和算法知识应用熟练，有大数据处理经验者更佳；
6、良好的沟通和推动能力，主动性强。

",机器学习,33k-61k,50-150人,A轮,3-5年
45,,免费三餐，租房补贴，扁平管理，职业大牛,深圳,北京字节跳动科技有限公司,硕士,"移动互联网,数据服务",[],"['扁平管理', '弹性工作', '大厨定制三餐', '就近租房补贴']","
职位描述：

        职位职责：
1、利用机器学习技术，改进VoIP/直播中的音频、视频质量；
2、参与模型训练，模型服务，样本管理，资源调度等机器学习相关问题的开发。

职位要求：
1、热爱计算机科学和互联网技术，对人工智能类产品有浓厚兴趣；
2、具备强悍的编码能力，熟悉 linux 开发环境，熟悉 C++ 和 Python 语言优先；
3、优秀的分析问题和解决问题的能力，对解决具有挑战性问题充满激情
4、有扎实的数据结构和算法功底，熟悉机器学习、自然语言处理、数据挖掘中一项或多项；
5. 有音视频相关知识优先。
        
",机器学习实习生-音视频,8k-10k,2000人以上,C轮,不限
46,,"超高分红,高额补贴,诱人薪资,技术大牛",北京,上海莱壳企业管理有限公司,本科,"移动互联网,企业服务","['硬件制造', '算法']","['年底双薪', '帅哥多', '绩效奖金', '专项奖金']","
职位描述：

岗位职责：
1. 负责自研深度学习部署框架及外围工具开发；
2. 负责自研深度学习算法在产品端实现及优化；
3. 参与量化及模型压缩相关算法的研发；
?
岗位要求：
1. 嵌入式系统软件开发经验；
2. 扎实的C/C++编程功底，熟悉某种架构下的汇编语言更佳；
3. 熟悉计算机体系结构以及并行计算基本技术，具备至少一种硬件架构下的SIMD调优经验；
4. 熟悉掌握至少一种主流深度学习框架使用，包括但不限于caffe、tensorflow、pytorch等；
?
符合以下某一条件者优先：
1. 有矩阵运算，计算机视觉和图像处理算法在各种硬件设备移植经验的优先。
2. 熟悉移动端GPU，至少掌握一种异构计算编程技术：包括但不限于openCL、openGL或Vulkan；
3. 有深度学习框架（开源或自研）开发经历者；
4. 对高性能计算，异构计算和性能优化工作有强烈的兴趣。

",机器学习/深度学习优化工程师.,30k-60k,150-500人,B轮,3-5年
47,,技术氛围好，晋升空间大，双休，加班补贴,武汉,武汉易酒批电子商务有限公司,本科,"电子商务,移动互联网","['电商', '大数据']","['带薪年假', '绩效奖金', '管理规范', '岗位晋升']","
职位描述：

薪资：15000-35000??

职位描述（电商方向，武汉）：
1. 交易波动分析：找出交易异常波动的原因；
2. 用户画像：负责构建大数据用户画像、用户标签分类、搭建风控和营销结果分析系统；
3. 智能定价：包括产品自动定价、智能排序等。
4. 基于复杂业务场景和海量数据环境进行深度数据挖掘，洞察业务痛点，规划整体数据解决方案并带领团队落地实现。

任职要求：
1. 数理统计和计算机相关专业本科以上学历；
2. 熟悉linux平台，熟练使用python/C++/Java/Scala等一种或多种编程语言，熟练掌握常用算法和数据结构；
3. 系统扎实的机器学习、深度学习理论基础，动手实践能力强，熟悉scikit-learn, tensorflow等主流框架；
4. 有大数据分布式平台研发经验优先，如hive/Spark等；
5. 有推荐、广告、搜索、自然语言处理、计算机视觉等领域应用经验或学术成果优先。

",机器学习，数据建模,15k-30k,500-2000人,B轮,3-5年
48,"['望京', '来广营']","飞速发展,大佬领投,顶级团队,海量数据",北京,北京数美时代科技有限公司,本科,"企业服务,数据服务","['广告营销', '金融', 'NLP', '算法']","['年底双薪', '大数据', '带薪年假', '通讯津贴']","
职位描述：

360、小米、百度等顶级互联网公司联合投资，顶级大数据公司

?岗位职责：
1、基于数美海量数据进行数据建模与分析
2、对海量数据进行feature?selection,?combination等feature?engineering工作?
3、针对海量用户行为数据，构建用户兴趣属性，金融属性画像，欺诈属性等多维度画像?
4、基于海量画像数据，构建金融风控，互联网反作弊，精准营销，垃圾内容等模型和服务

职位要求：
1、硕士及以上学历，机器学习或统计学习建模领域拥有实际工作经验；
2、良好的逻辑思维能力，能够从海量数据中发现有价值的规律，熟悉大规模数据挖掘、机器学习等基本算法；
3、编程基础扎实，熟悉算法数据结构，有超过2年以上C++或Python开发经验 ?
4、有金融模型、广告算法、推荐算法等相关领域研究或实践经验者优先；
5、 踏实勤奋，自我驱动 ?
?

公司福利待遇
有竞争力的薪酬
期权奖励
五险一金+商业保险
午餐+晚餐补助
交通+通讯+电脑补贴
结婚+生育+丧葬+住院礼金
伯乐奖金
年假8天起+带薪病假
年度体检、零食畅享、团队建设、生日会、弹性办公


数美领先的大数据技术、产品与服务提供商
我们正在经历一个IT到DT的变革时代。大数据已经渗透到各个环节，各个角落。
这个世界，就是掩藏在表象之下，被数据所揭示的世界！
数美依托积累的海量数据、科技前沿技术， 极致的工匠精神和对数据的深度理解，提供领先的大数据产品与服务。?
我们正在寻找不平凡的你，和我们一起“发现数据之美”
欢迎投递简历

【关于数美】www.ishumei.com
? ? ? 数美由百度、小米、360等顶尖互联网公司联合投资的大数据公司，致力于利用人工智能技术和海量数据解决金融、互联网等领域广泛存在的欺诈问题，先后推出了信贷反欺诈、内容反欺诈、行为反欺诈等系列产品， ? ? ?
??? ?目前已服务数百家客户，覆盖直播、金融、支付、社交、电商、游戏、O2O等行业。其中包括中信银行、360、小米、58同城、爱奇艺、酷狗、用钱宝、点融、挖财、闪银、熊猫TV、花椒、唱吧等知名企业，并与腾讯云、金山云、七牛云等云服务提供商展开深度合作。
? ? 数美的创始人唐会军在搜索、安全、语音识别等大数据领域拥有十余年研发经验，曾历任百度系统技术负责人、360高级技术总监等职位。创始团队均来自百度、360、小米、宜信、FICO等知名互联网公司，数美核心团队是国内最早一批从事大数据平台与应用研发的团队，曾负责过的大数据平台规模居全球前十。国际顶尖反欺诈技术，拥有十余项专利，同时在安全，反作弊、推荐，广告，语音识别等领域有着丰富的大数据成功应用经验。
? ? ?? ? ??www.ishumei.com

",机器学习,20k-40k,150-500人,B轮,1-3年
49,"['中关村', '万泉河', '北京大学']",发展空间大,北京,北京至信普林科技有限公司,硕士,数据服务,"['金融', '算法', '数据挖掘']","['技能培训', '带薪年假', '绩效奖金', '岗位晋升']","
职位描述：

岗位职责：
1.? 参与金融客户的数据挖掘建模分析项目，能独立完成从数据提取、特征工程、算法实现的全套流程；
2.? 形成算法积累，参与数据模型类产品（风控、精准营销系统）的研发。
岗位要求：
1.? 统招全日制硕士及以上学历（接受应届毕业生），数学、统计、计算机等专业；
2.? 扎实的理论和算法基础，深刻理解常用的机器学习模型（LR／SVM／RF／GBDT等），能够明确客户目标和提出相应的解决方案；
3.? 至少熟练掌握一门编程语言和快速编码能力（Python、Scala）；
4.? 做事严谨踏实，学习能力强，有一定的独立思考和沟通能力。
加分项：
1.? 参加过Kaggle、KDD Cup等竞赛且排名靠前，或者国内外期刊会议发表论文；
2.? 具有分布式平台搭建和应用的经验（Hadoop、Spark等）。

",机器学习工程师,15k-25k,50-150人,A轮,应届毕业生
50,,"免费三餐,公司班车,下午茶",北京,北京金山云网络技术有限公司,本科,"移动互联网,数据服务",[],"['技能培训', '节日礼物', '瑜伽房', '免费班车']","
职位描述：

岗位职责：
负责机器学习平台中算法相关组件的定制化设计与研发，包括常见的机器学习算法及深度学习模型；
参与具体业务场景中机器学习算法和深度学习模型的研发工作；
任职要求：
统招本科以上学历，3年以上工作经验，知名互联网从业经历者优先。
熟悉常用机器学习算法，包括但不限于分类、聚类、回归等，熟练使用Spark MLlib、SparkSQL、SKLearn；
熟悉图像分类、图像检测、图像语义分割等计算机视觉算法，熟悉基于常见深度学习框架（Tensorflow/Caffe/PyTorch/MXNet等）进行模型开发、训练、优化、服务部署的全流程；
熟悉Python、Scala、Java语言中的一种或多种，熟悉Linux开发环境；
了解虚拟化技术docker、k8s，有容器使用经验者优先；
扎实的编程能力，熟悉算法和数据结构，熟悉计算机基础理论；
有强烈上进心，自我驱动，学习适应能力强；

",机器学习研发工程师,20k-40k,500-2000人,D轮及以上,3-5年
51,['朝外'],五险一金+双休,北京,深圳枫雅企业文化传播有限公司,本科,招聘,"['大数据', '算法']",[],"
职位描述：

岗位概述（一句话概述该岗位的职责范畴和价值贡献）：利用机器学习方法解决金融领域的实际业务问题岗位职责1.?利用机器学习方法解决金融领域的实际业务问题；2.?研究非结构化数据在信贷风控领域中的应用；3.?探索深度学习、增强学习、迁移学习等技术在金融业务的应用；4.?跟踪人工智能前沿技术，在实际业务中尝试应用；

",机器学习,20k-35k,15-50人,不需要融资,1-3年
52,"['西溪', '古墩路', '古墩路']","氛围轻松,行业前景好,产品优秀,精英团队",杭州,杭州涂鸦信息技术有限公司,硕士,"移动互联网,硬件",[],"['5星办公环境', '年底奖金', '团队牛B', '五险一金']","
职位描述：

岗位职责：
1.负责基于深度学习的人工智能的算法的研发，并将算法应用到实际场景中；（主要方向：物体识别，人脸识别，行为识别等）

岗位要求：
1.计算机、数学或相关专业硕士及以上学历，或应届硕士研究生、本科生有相关项目经验；
2.熟悉深度学习基础知识，以及工作原理和流程；
3.熟悉深度学习框架的其中一种（比如，caffe，torch，tensorflow，mxnet等）；
4.熟悉C/C++/PYTHON开发，有很强的算法实现能力，具有良好的代码质量和风格；
5.具有较强的算法代码优化能力；
6.发表过高水平的图像、视觉、机器学习相关学术论文/专利者优先；
7.熟练的英文文献阅读能力；

",机器学习/深度学习工程师,25k-50k,500-2000人,C轮,1-3年
53,"['上地', '马连洼', '西二旗']","15薪,大平台,三餐免费,健身房",北京,贝壳找房（北京）科技有限公司,本科,"移动互联网,O2O",[],"['股票期权', '带薪年假', '绩效奖金', '扁平管理']","
职位描述：

工作职责:1.链家网搜索算法架构设计与研发 2.搜索Ranking研究，关注排序效果CTR和转化效果CVR任职资格:1.计算机相关专业统招本科以上学历，2年以上相关工作经验；2.有较强的算法基础和Java\Python\C++编码能力。3.熟悉linux环境，熟悉shell编程；4.具有统计或数据挖掘背景，并对机器学习算法和理论有较深入的研究 ? ? ? ? ?5.在机器学习或数据挖掘方向有较强的积累，熟悉经典的算法并有实践经验，包括LTR、LR、FTRL、SVM、GBDT、Reinforcement Learning、Deep Learning ?6.深入理解全文搜索，熟悉倒排索引、中文分词、排序、Query分析等相关技术；7.熟悉lucene/solr/elastic search至少其中1项，并有深入理解8.有大规模数据挖掘经验者优先

",机器学习,30k-60k,2000人以上,C轮,1-3年
54,,"五险一金,职位晋升,各类补贴",上海,招商银行股份有限公司信用卡中心,本科,"移动互联网,金融",[],"['金融科技银行', '技术创新驱动', '奋斗独立改变', '一年两次调薪']","
职位描述：

工作职责:
1、负责图像识别、语义理解、语音识别相关的算法研究；2、人工智能算法项目实施及优化；3、对业界新应用和技术进展进行跟踪研究；4、负责或参与技术团队的建设和管理。

任职资格：
1、全日制大学本科及以上学历，计算机、自动化、信息工程或相关专业，有机器学习或深度学习研究背景；2、熟悉最新的深度学习和机器学习算法；精通自然语言处理、图像识别等人工智能领域相关理论和算法并具备丰富的工程项目实践经验；精通自然语言处理者优先；3、熟悉大规模数据分析技术，掌握机器学习的相关技术；在统计或机器学习、文本分类或聚类、海量数据处理、分布式计算等方面有一定的理论功底和实践经验；4、熟悉 Linux环境下的Java和 Python编程，有很强的算法实现能力；5、对于原型开发和产品开发中可能遇到的各种新的技术和框架，能迅速熟悉使用，良好的分析解决问题能力；6、有带团队经验和能力，具备良好的沟通能力和团队合作。

",机器学习专家,30k-50k,2000人以上,上市公司,5-10年
55,"['西北旺', '马连洼']",福利好,北京,百度在线网络技术（北京）有限公司,本科,"移动互联网,数据服务",[],"['股票期权', '弹性工作', '五险一金', '免费班车']","
职位描述：

工作职责
-负责百度搜索推广和信息流推广客户优化方向的算法研发工作 -基于大规模用户行为和广告主数据，以效果为目标，建立并优化推荐算法?
-应用机器学习等尖端技术，针对海量信息建模，挖掘潜在商业价值??
-持续优化策略线上效果：相关性、召回率、投放效果等

任职资格
-熟悉Python/C/C++等至少一门常用语言，对数据结构和算法设计有较为深刻的理解?
-熟悉大规模数据挖掘、机器学习、深度学习等相关技术，具备算法、模型实际工作经验?
-良好的逻辑思维能力和对数据、业务的敏感度?
-优秀的分析问题和解决问题的能力，对解决具有挑战性问题充满激情?
-良好的团队合作精神，较强的沟通能力?

",机器学习/数据挖掘研发工程师,15k-20k,2000人以上,不需要融资,不限
56,"['学院路', '五道口', '中关村']","六险一金,牛人大咖多,水果零食,弹性工作",北京,北京汉迪移动互联网科技股份有限公司,本科,移动互联网,['移动互联网'],"['带薪年假', '定期体检', '文化open', '扁平化管理']","
职位描述：

岗位职责：
欢迎加入iHandy的算法和AI团队：
如果你对图像处理和视频处理感兴趣？
可以加入我们的团队研究图像处理，物体识别，人脸识别，人脸变形和美化，滤镜等。
如果你对推荐算法感兴趣？
可以加入我们的团队研究短视频推荐，游戏推荐，广告推荐，用户画像等。
如果你对自然语言理解感兴趣？
加入我们的团队研究聊天机器人，自动回复，表情推荐等。
如果你对深度学习感兴趣？
你将有机会研究深度神经网络、深度增强学习模型的设计、优化、应用和业界前沿算法研究。
任职要求：
1、统招本科及以上学历，计算机及相关专业；
2、热爱编程，基础扎实，对数据结构和算法设计有较为深刻的理解；
3、喜欢研究算法，对机器学习和AI有浓厚的兴趣；
4、对常用的机器学习技术SVM、回归分析、决策树、贝叶斯网络有了解者优先；
5、良好的沟通能力，较强的抗压能力和解决问题的能力。

",机器学习/算法工程师,20k-30k,150-500人,不需要融资,应届毕业生
57,,"股票期权,精英团队,福利好,团队氛围佳",上海,上海氪信信息技术有限公司,本科,"金融,数据服务",['大数据'],[],"
职位描述：

岗位职责 :
基于kubernetes构建大规模机器学习系统
建立并完善基于图计算的实时反欺诈引擎?
对已有机器学习模型部署系统持续优化

任职要求 :?
全日制985学校本科或以上学历；
有扎实的编程功底，至少熟练掌握python, go, java中的一种;?
熟练掌握常用数据库技术的应用开发，对使用mysql数据库构建高并发、高可用系统有较强的设计能力与实战经验，熟悉常见的性能调优与可扩展性设计，熟悉事务、锁、并发等机制；掌握分布式缓存、消息队列的使用；
熟悉docker, kubenetes等容器解决方案，对构建云原生的大数据应用有一定了解；
熟悉大数据实时处理系统如spark streaming, flink等，对基于这些系统构建实时应用有一定了解；
具备良好的团队合作精神和承压能力，执行力和战斗力强，善于学习和思考，能独立分析和解决问题。

优先条件 :
有大规模分布式、高并发、高可用性系统设计开发经验者优先；
对推荐系统或互联网广告系统等典型机器学习系统实现有深入了解及设计开发经验者优先；

",机器学习系统工程师,10k-20k,50-150人,B轮,不限
58,"['朝阳门', '建国门']","六险一金,年底双薪,出国旅行,包午晚餐",北京,北京创智优品科技有限公司,本科,"移动互联网,游戏","['广告营销', '视频', '算法', '数据挖掘']","['节日礼物', '顶配Mac', '小而美', '扁平管理']","
职位描述：

工作职责：
1、在用户行为、个性化推荐和feed流推荐等算法上进行持续跟进和优化
2、构建对个性化搜索、推荐数据等进行排序的模型，并进行模型优化和效果跟踪
3、对海量用户数据和内容数据进行画像系统构建和持续优化
4、对海量图片、视频、文本数据进行深入挖掘和分析
5、跟踪和探索业界最新算法，并在业务中寻找合适的落地点

任职要求：
1、计算机、数学等相关专业本科以上学历，1-3年数据挖掘或机器学习工作经验
2、有扎实的数据结构和算法基础，熟悉机器学习中LR\SVM\DecisionTree\GBDT等经典算法
3、编程基础扎实，至少熟悉Java、Scala、Python中一种语言，熟悉Linux开发环境
4、熟悉Hadoop、Hive、Spark等分布式数据处理框架，并有一定的实践项目经验
5、熟悉DNN相关算法原理，有Tensorflow\Keras\Pytorch等深度学习框架使用经验者优先
6、有广告、搜索、推荐等算法经验者优先
7、顶级会议论文发表者优先，IJCA、CVPR、KKD等

",机器学习,15k-30k,150-500人,不需要融资,1-3年
59,"['五道口', '学院路', '北航']","技术大牛,弹性工作",北京,神策网络科技（北京）有限公司,本科,数据服务,[],"['节日礼物', '年底双薪', '股票期权', '带薪年假']","
职位描述：

工作职责：
1、分析金融、新闻、短视频等互联网行业的业务问题，调研适合客户需求的机器学习算法，确定评估目标；
2、处理业务数据，完成离线与在线的特征工程；
3、负责机器学习算法研发与调优。
岗位要求：
1、有一年以上的机器学习项目开发经验；
2、熟悉数据挖掘、机器学习等相关知识；
3、能快速学习、研发适用于多种业务场景的机器学习算法；
4、快速学习能力；主动性强。

",机器学习研发工程师,15k-25k,150-500人,C轮,1-3年
